,Daily Returns,Total Returns,Funds,Margin,Portfolio Value,AAPL Position,AAPL Order,AAPL Filled Order,AAPL Trade Price,AAPL Cost to Trade,AAPL PnL
2016-11-04,0.636648278760003,-32.91299063852511,641758.9130767483,29277.958924,670870.0936147482,-269,5523,5523,108.529999,1079.745395399994,6366.482787600029
2016-11-03,0.5859898268499947,-33.54963891728511,15046.627659148298,636135.3715840001,664503.6108271482,-5792,-5658,-5658,110.980003,882.6465854999889,5859.898268499947
2016-11-02,-0.09685373886999919,-34.135628744135104,643741.5714866482,14953.059464,658643.7125586482,-134,5553,5553,111.400002,1454.885444699988,-968.5373886999919
2016-11-01,1.0348064042999976,-34.0387750052651,3161.8399473482214,634043.618626,659612.2499473483,-5687,-5660,-5660,113.459999,857.4916980000041,10348.064042999975
2016-10-31,-0.06627902238000365,-35.07358140956511,646192.6658233483,3065.580027,649264.1859043483,-27,5658,5658,113.650002,1063.704565800012,-662.7902238000365
2016-10-28,-0.020484748064999187,-35.0073023871851,1723.247703148234,646498.2056849999,649926.9761281484,-5685,-5671,-5671,113.870003,1066.1488506499954,-204.8474806499919
2016-10-27,-0.009506132745005062,-34.9868176391201,648503.6236787983,1602.720042,650131.8236087983,-14,5671,5671,115.389999,1244.7842164500291,-95.06132745005061
2016-10-26,-0.7881831845150036,-34.977311506375095,7651.334936248343,657129.12726,650226.8849362484,-5685,-5621,-5621,114.309998,857.203343150001,-7881.831845150036
2016-10-25,-0.2441434827099964,-34.18912832186009,650579.1171653984,7568.0,658108.7167813984,-64,5499,5499,117.949997,753.3624500999882,-2441.434827099964
2016-10-24,-0.38295321167499713,-33.944984839150095,12182.534986498398,654486.961126,660550.1516084983,-5563,-5459,-5459,117.099998,717.8598647499642,-3829.5321167499715
2016-10-21,0.05826288712500239,-33.5620316274751,652209.6039332482,12126.399792,664379.6837252482,-104,5485,5485,116.809998,836.4611287499754,582.6288712500238
2016-10-20,-0.27275047585499584,-33.6202945146001,11784.292497998254,654248.328822,663797.0548539982,-5589,-5489,-5489,116.860001,1635.7217255499795,-2727.5047585499583
2016-10-19,0.04816587022999528,-33.3475440387451,654786.5599125482,11712.0003,666524.5596125482,-100,5447,5447,117.25,751.6865447000272,481.6587022999528
2016-10-18,0.30634394418000244,-33.39570990897509,6560.07645724812,651606.095547,666042.9009102483,-5547,-5492,-5492,118.18,840.2751762000339,3063.4394418000243
2016-10-17,0.08216277838999549,-33.7020538531551,656538.4114134482,6465.250165,662979.4614684482,-55,5522,5522,117.33000200000001,839.3442761000207,821.6277838999548
2016-10-14,0.03369358905500244,-33.78421663154509,3346.84041554846,656022.493269,662157.8336845484,-5577,-5549,-5549,117.879997,1032.1142774499754,336.9358905500244
2016-10-13,0.21825430051999725,-33.81791022060009,658556.0978219984,3275.440084,661820.8977939984,-28,5592,5592,116.790001,903.108838800003,2182.5430051999724
2016-10-12,-0.1095689363249983,-34.03616452112009,75.1547887984209,659450.77752,659638.3547887984,-5620,-5753,-5753,117.349998,1291.5499382499827,-1095.689363249983
2016-10-11,-1.1125704036649982,-33.926595584795095,645266.1437530484,-0.0,660734.0441520484,133,6027,6027,117.699997,1214.4401986500268,-11125.704036649982
2016-10-10,-0.694465671000004,-32.8140251811301,2.7412346982335976,683998.717682,671859.7481886983,-5894,-5925,-5925,115.019997,903.56131500004,-6944.65671000004
2016-10-07,-0.35015241879499004,-32.119559510130095,675268.5449606983,-0.0,678804.4048986983,31,6041,6041,114.309998,969.5801979499603,-3501.5241879499004
2016-10-06,-0.20338961271000308,-31.769407091335104,110.85913664840325,684478.89399,682305.9290866483,-6010,-6011,-6011,113.699997,892.6341010999896,-2033.8961271000308
2016-10-05,-0.3541922430250005,-31.566017478625096,684226.7752107483,-0.0,684339.8252137483,1,6065,6065,113.400002,1115.9603032500013,-3541.922430250005
2016-10-04,-0.04828628544000502,-31.2118252356001,1922.0918999985333,685232.0,687881.7476439984,-6064,-6047,-6047,113.059998,837.5107094000086,-482.8628544000502
2016-10-03,0.09936999900000128,-31.163538950160092,686445.3104813984,1912.8399490000002,688364.6104983984,-17,6097,6097,112.709999,1088.3145000000327,993.6999900000128
2016-09-30,-0.48324044270000105,-31.262908949160092,3397.761078398593,691187.718342,687370.9105083984,-6114,-6085,-6085,112.459999,1216.9999999999654,-4832.40442700001
2016-09-29,0.3852838441950012,-30.77966850646009,688893.2547033986,3253.2200000000003,692203.3149353985,-29,6039,6039,113.160004,969.2591980499602,3852.8384419500126
2016-09-28,-0.2405414444399959,-31.164952350655092,57.19401744846857,691448.581796,688350.4764934485,-6068,-6142,-6142,113.690002,872.1652284000241,-2405.414444399959
2016-09-27,-0.19650538483999583,-30.924410906215098,682387.2312338485,-0.0,690755.8909378485,74,6348,6348,113.0,1218.8147303999772,-1965.0538483999583
2016-09-26,-0.9427530824299986,-30.727905521375106,71.33851224838872,708209.101178,692720.9447862485,-6274,-6277,-6277,111.639999,1644.5733722999867,-9427.530824299985
2016-09-23,0.032051514749999455,-29.785152438945108,701810.3456135485,-0.0,702148.4756105485,3,6155,6155,114.41999799999999,904.7856155000327,320.51514749999455
2016-09-22,-0.27262822359999744,-29.817203953695103,7.843527048646138,705142.258456,701827.9604630485,-6152,-6195,-6195,114.349998,1099.611260999989,-2726.2822359999745
2016-09-21,-0.29153520294500246,-29.544575730095104,699671.5925700486,-0.0,704554.2426990486,43,6329,6329,113.849998,1142.3848164499857,-2915.3520294500245
2016-09-20,-0.48205296389999536,-29.253040527150105,105.97701249861097,713901.0199999999,707469.5947284987,-6286,-6289,-6289,113.050003,1550.2385000000202,-4820.529638999954
2016-09-19,-0.29483160670000846,-28.77098756325011,711949.3843614985,-0.0,712290.1243674986,3,6205,6205,115.190002,1268.9212589999954,-2948.3160670000843
2016-09-16,-0.02796136879999333,-28.476155956550098,23.75081849852154,712733.8275959999,715238.4404344986,-6202,-6512,-6512,115.120003,1380.5456279999619,-279.6136879999333
2016-09-15,-1.6264407863649977,-28.448194587750102,679691.3541224985,-0.0,715518.0541224985,310,7233,7233,113.860001,2325.4098616500223,-16264.407863649976
2016-09-14,-2.2256636824950093,-26.821753801385103,90.52967914858891,773783.689231,731782.4619861485,-6923,-6953,-6953,108.730003,1234.158542950041,-22256.636824950092
2016-09-13,-1.7223567892599971,-24.596090118890093,750800.5989010986,-0.0,754039.0988110986,30,7426,7426,107.510002,1927.0477426000184,-17223.56789259997
2016-09-12,-2.2111570472000013,-22.873733329630095,32698.09191169852,779834.254792,771262.6667036985,-7396,-7085,-7085,102.650002,1626.0089169999674,-22111.570472000014
2016-09-09,0.5350970257549974,-20.662576282430095,760361.5868646984,32073.429067,793374.2371756984,-311,6791,6791,104.639999,1368.3861604500303,5350.970257549974
2016-09-08,1.1144446738799976,-21.19767330818509,14047.285612148453,749403.018694,788023.2669181485,-7102,-6972,-6972,107.25,1286.3346971999974,11144.446738799976
2016-09-07,-0.19588606175000847,-22.31211798206509,762929.8197893484,14086.80013,776878.8201793485,-130,6950,6950,107.83000200000001,969.5253475000062,-1958.8606175000846
2016-09-06,0.02889405250000484,-22.11623192031508,13489.63123684841,762515.97876,778837.6807968485,-7080,-6955,-6955,107.900002,1105.8449999999825,288.9405250000484
2016-09-02,-0.8134083435999981,-22.145125972815084,765089.9913968483,13466.250375,778548.7402718484,-125,7094,7094,107.699997,1127.9459999999824,-8134.083435999982
2016-09-01,-0.5292008458299994,-21.33171762921509,24717.40980284832,770483.891657,786682.8237078484,-7219,-6986,-6986,106.139999,1023.4493493000413,-5292.008458299994
2016-08-31,0.13125623420000151,-20.802516783385087,767458.5698361483,24721.299534,791974.8321661483,-233,7031,7031,105.660004,1054.64999999998,1312.5623420000152
2016-08-30,-0.2337809220199986,-20.933773017585086,23583.82624014844,769984.0,790662.2698241484,-7264,-7044,-7044,105.800003,1109.4303522000112,-2337.809220199986
2016-08-29,0.09864598308500959,-20.699992095565086,769587.6777243484,23500.399999999998,793000.0790443484,-220,6957,6957,106.620003,1266.1736521499765,986.4598308500958
2016-08-26,0.2277684745799975,-20.798638078650097,17758.816151498322,767508.3943540001,792013.6192134983,-7177,-7012,-7012,107.410004,1121.9189481999788,2277.684745799975
2016-08-25,0.3459993835000008,-21.026406553230096,772046.2847976984,17749.05,789735.9344676983,-165,6956,6956,107.389999,1067.7459999999976,3459.9938350000084
2016-08-24,0.28876245991999194,-21.372405936730097,9303.623511698439,769281.622879,786275.9406326984,-7121,-7036,-7036,108.57,981.5223518000064,2887.6245991999194
2016-08-23,-0.1735572431999995,-21.661168396650087,774180.2665434985,9252.24983,783388.3160334985,-85,7038,7038,108.589996,1143.6750000000002,-1735.572431999995
2016-08-22,0.1351052024149964,-21.48761115345009,7221.05846549851,772916.744246,785123.8884654986,-7123,-7057,-7057,108.860001,1174.9908528500137,1351.052024149964
2016-08-19,0.12581479783500746,-21.622716355865087,776632.9569033487,7217.760066,783772.8364413487,-66,7053,7053,108.769997,909.8373526499535,1258.1479783500745
2016-08-18,-0.00057214304000629,-21.748531153700096,3838.4399869986246,776540.534238,782514.6884629986,-7119,-7084,-7084,109.230003,1073.2284793999843,-5.7214304000629
2016-08-17,0.0918653366399996,-21.74795901066009,778706.1100683985,3822.700035,782520.4098933985,-35,7078,7078,109.099998,1068.7794156000302,918.653366399996
2016-08-16,0.05472642426000268,-21.83982434730009,25.337865998618327,778019.918661,781601.7565269986,-7113,-7132,-7132,109.629997,1233.8356433999734,547.2642426000268
2016-08-15,-0.06536357431000209,-21.89455077156009,778974.3722273986,-0.0,781054.4922843985,19,7294,7294,108.139999,970.1030941000479,-653.6357431000209
2016-08-12,-0.4029141998099995,-21.82918719725009,518.642577498601,787009.5,781708.1280274986,-7275,-7271,-7271,107.779999,1119.7347270999717,-4029.141998099995
2016-08-11,-0.48950853070000416,-21.426272997440087,785300.8300495986,431.72,785737.2700255986,-4,7231,7231,108.519997,1135.2670000000157,-4895.085307000041
2016-08-10,0.2293741499000073,-20.936764466740087,-1021.330197401318,781380.0,790632.3553325986,-7235,-14469,-14469,108.709999,2119.708499999923,2293.741499000073
2016-08-09,0.31829238299999724,-21.166138616640094,1207.0883015985048,-0.0,788338.6138335986,7234,0,0,108.230003,0.0,3182.9238299999724
2016-08-08,0.6437992987800004,-21.484430999640093,1207.0883015985048,-0.0,785155.6900035986,7234,-2,-2,107.519997,0.3470002000000079,6437.992987800004
2016-08-05,1.1648888011899996,-22.128230298420092,992.3953077985047,-0.0,778717.6970157985,7236,2,2,106.269997,0.2720000999999968,11648.888011899995
2016-08-04,0.057884746609995125,-23.293119099610095,1205.2073018985047,-0.0,767068.8090038985,7234,2,2,105.58000200000001,0.30699990000000527,578.8474660999512
2016-08-03,0.9474032031000054,-23.35100384622009,1416.6743057985047,-0.0,766489.9615377985,7232,-1,-1,104.809998,0.20349999999999682,9474.032031000053
2016-08-02,-1.1356183999800054,-24.298407049320094,1312.0678077985049,-0.0,757015.9295067985,7233,-2,-2,106.050003,0.37399979999999006,-11356.183999800054
2016-08-01,1.3311741929700054,-23.162788649340087,1100.3418015985048,-0.0,768372.1135065986,7235,2,2,104.410004,0.2870002999999997,13311.741929700054
2016-07-29,-0.09402683010000218,-24.493962842310093,1309.4488098985048,-0.0,755060.3715768984,7233,0,0,104.190002,0.0,-940.2683010000218
2016-07-28,1.0053862767000021,-24.39993601221009,1309.4488098985048,-0.0,756000.6398778985,7233,0,0,102.83000200000001,0.0,10053.86276700002
2016-07-27,4.541545526785003,-25.405322288910092,1309.4488098985048,-0.0,745946.7771108984,7233,1,1,104.269997,0.17750015000000588,45415.455267850026
2016-07-26,-0.48475735237000495,-29.946867815695093,1413.896307048505,-0.0,700531.3218430484,7232,-3,-3,96.82,0.5879996999999861,-4847.573523700049
2016-07-25,-0.9549736872500009,-29.462110463325086,1124.0243067485048,-0.0,705378.8953667486,7235,2,2,98.25,0.2990004999999883,-9549.736872500009
2016-07-22,-0.5570471562450043,-28.507136776075086,1320.8233072485048,-0.0,714928.6322392485,7233,-3,-3,99.260002,0.5805004499999911,-5570.471562450044
2016-07-21,-0.3835072763999923,-27.950089619830084,1023.6238016985047,-0.0,720499.1038016987,7236,0,0,99.83000200000001,0.0,-3835.0727639999236
2016-07-20,0.06506850615999948,-27.566582343430092,1023.6238016985047,-0.0,724334.1765656986,7236,2,2,100.0,0.2660004000000072,650.6850615999948
2016-07-19,0.02884742260999242,-27.631650849590088,1223.8898020985048,-0.0,723683.4915040985,7234,-2,-2,99.559998,0.35299989999999754,288.4742260999242
2016-07-18,0.7597641713550027,-27.66049827220008,1025.1228059985049,-0.0,723395.0172779986,7236,3,3,98.699997,0.4200004499999921,7597.641713550028
2016-07-15,-0.007250497470000047,-28.42026244355508,1321.642797448505,-0.0,715797.3755644485,7233,-3,-3,98.91999799999999,0.5504997000000202,-72.50497470000047
2016-07-14,1.389310552800005,-28.413011946085085,1025.433303148505,-0.0,715869.8805391485,7236,0,0,97.389999,0.0,13893.105528000047
2016-07-13,-0.3979882825699968,-29.802322498885086,1025.433303148505,-0.0,701976.7750111484,7236,1,1,97.410004,0.12899969999999997,-3979.8828256999677
2016-07-12,0.31833638249999724,-29.40433421631509,1122.972306848505,-0.0,705956.6578368484,7235,0,0,97.16999799999999,0.0,3183.363824999972
2016-07-11,0.21705217049999248,-29.722670598815082,1122.972306848505,-0.0,702773.2940118485,7235,0,0,96.75,0.0,2170.5217049999246
2016-07-08,0.535388553,-29.939722769315075,1122.972306848505,-0.0,700602.7723068486,7235,0,0,96.489998,0.0,5353.88553
2016-07-07,0.2966371705000023,-30.47511132231508,1122.972306848505,-0.0,695248.8867768486,7235,0,0,95.699997,0.0,2966.371705000023
2016-07-06,0.3907150234850027,-30.771748492815078,1122.972306848505,-0.0,692282.5150718485,7235,1,1,94.599998,0.14700015000000236,3907.1502348500267
2016-07-05,-0.6510607234000022,-31.16246351630008,1217.7193049985049,-0.0,688375.3648369985,7234,0,0,95.389999,0.0,-6510.607234000023
2016-07-01,0.20975837343000273,-30.51140279290008,1217.7193049985049,-0.0,694885.9720709985,7234,-1,-1,95.489998,0.17349969999999929,2097.583734300027
2016-06-30,0.868159905939999,-30.721161166330084,1122.402806698505,-0.0,692788.3883366984,7235,2,2,94.440002,0.29200060000000577,8681.59905939999
2016-06-29,0.585877339800001,-31.58932107227008,1311.574811298505,-0.0,684106.7892772985,7233,0,0,93.970001,0.0,5858.77339800001
2016-06-28,1.121007633384997,-32.17519841207008,1311.574811298505,-0.0,678248.0158792986,7233,1,1,92.900002,0.17750015000000588,11210.07633384997
2016-06-27,-0.9837328738299977,-33.29620604545508,1404.652313448505,-0.0,667037.9395454485,7232,-3,-3,93.0,0.601500300000015,-9837.328738299977
2016-06-24,-1.9528395072099993,-32.31247317162508,1126.253813748505,-0.0,676875.2682837485,7235,2,2,92.910004,0.3040001000000075,-19528.395072099993
2016-06-23,0.39781138349999684,-30.359633664415085,1312.377821848505,-0.0,696403.6633558485,7233,0,0,95.940002,0.0,3978.1138349999683
2016-06-22,-0.26037307368999774,-30.757445047915084,1312.377821848505,-0.0,692425.5495208486,7233,-1,-1,96.25,0.18349989999999253,-2603.7307368999773
2016-06-21,0.585958340400001,-30.497071974225083,1216.311321748505,-0.0,695029.2802577486,7234,0,0,94.940002,0.0,5859.58340400001
2016-06-20,-0.1664686433950058,-31.083030314625084,1216.311321748505,-0.0,689169.6968537485,7234,1,1,96.0,0.16749994999999843,-1664.686433950058
2016-06-17,-1.6057267232999974,-30.91656167123008,1312.478821698505,-0.0,690834.3832876985,7233,0,0,96.620003,0.0,-16057.267232999973
2016-06-16,0.2966079933750005,-29.310834947930083,1312.478821698505,-0.0,706891.6505206985,7233,1,1,96.449997,0.169000250000002,2966.079933750005
2016-06-15,-0.23142399999999505,-29.60744294130508,1409.097818948505,-0.0,703925.5705869485,7232,0,0,97.82,0.0,-2314.2399999999507
2016-06-14,0.08671987072499782,-29.37601894130509,1409.097818948505,-0.0,706239.8105869485,7232,-3,-3,97.32,0.6030007499999954,867.1987072499782
2016-06-13,-1.078019690975006,-29.46273881203009,1117.740819698505,-0.0,705372.6118796986,7235,1,1,98.690002,0.14349974999999518,-10780.196909750059
2016-06-10,-0.5933176502949951,-28.384719121055085,1216.574321448505,-0.0,716152.8087894485,7234,-1,-1,98.529999,0.17649994999999877,-5933.17650294995
2016-06-09,0.5136849999999954,-27.79140147076009,1118.220822398505,-0.0,722085.9852923986,7235,0,0,98.5,0.0,5136.849999999954
2016-06-08,-0.06526187751999767,-28.305086470760084,1118.220822398505,-0.0,716949.1352923986,7235,11,11,99.019997,1.6005022000000708,-652.6187751999767
2016-06-07,0.28932504864000047,-28.239824593240087,2209.0412915985053,-0.0,717601.7540675985,7224,-12,-12,99.25,3.803997599999957,2893.250486400005
2016-06-06,0.5137130764000076,-28.529149641880085,1021.8452891985052,-0.0,714708.5035811985,7236,2,2,97.989998,0.28199999999999364,5137.130764000076
2016-06-03,0.14467782979999724,-29.04286271828009,1218.1072851985052,-0.0,709571.3728171985,7234,0,0,97.790001,0.0,1446.7782979999724
2016-06-02,-0.5353145532,-29.18754054808009,1218.1072851985052,-0.0,708124.5945191985,7234,0,0,97.599998,0.0,-5353.145532
2016-06-01,-1.0127614468000006,-28.65222599488009,1218.1072851985052,-0.0,713477.7400511985,7234,0,0,99.019997,0.0,-10127.614468000005
2016-05-31,-0.3543460298100018,-27.63946454808009,1218.1072851985052,-0.0,723605.3545191985,7234,2,2,99.599998,0.32200010000000817,-3543.460298100018
2016-05-27,-0.04363123964000098,-27.285118518270085,1417.6292812985052,-0.0,727148.8148172984,7232,-2,-2,99.440002,0.40900040000000787,-436.31239640000973
2016-05-26,0.5714867234000027,-27.241487278630085,1219.1582776985051,-0.0,727585.1272136986,7234,0,0,99.68,0.0,5714.867234000027
2016-05-25,1.2442487233999975,-27.812974002030085,1219.1582776985051,-0.0,721870.2599796986,7234,0,0,98.66999799999999,0.0,12442.487233999975
2016-05-24,1.0641362477599956,-29.057222725430087,1219.1582776985051,-0.0,709427.7727456986,7234,-12,-12,97.220001,2.112002399999949,10641.362477599956
2016-05-23,0.3193569188950105,-30.121358973190077,54.63026809850521,-0.0,698786.4102680986,7246,7007,7007,95.870003,1019.5195510499664,3193.569188950105
2016-05-20,-0.4123799894050069,-30.44071589208509,672835.2608401484,-0.0,695592.8410791485,239,7359,7359,94.639999,1129.6061320500194,-4123.799894050069
2016-05-19,0.19716199990000294,-30.028335902680084,22747.03385319849,670703.97864,699716.6409731985,-7120,-6879,-6879,94.639999,1141.9140000000173,1971.6199990000293
2016-05-18,-0.6165068249750046,-30.22549790258009,675148.8585641985,22788.959518,697745.0209741985,-241,6913,6913,94.160004,1275.446771750043,-6165.068249750047
2016-05-17,0.5794682520850061,-29.608991077605083,19916.091991948342,668827.445692,703910.0892239484,-7154,-6939,-6939,94.550003,1644.5419591499665,5794.68252085006
2016-05-16,-1.5795103946000046,-30.188459329690083,678571.9064880984,20184.199355,698115.4067030984,-215,7340,7340,92.389999,1346.8892660000495,-15795.103946000047
2016-05-13,-0.568799224820003,-28.60894893509008,37889.087984098376,683878.577335,713910.5106490983,-7555,-7148,-7148,90.0,1897.7932852000026,-5687.99224820003
2016-05-12,-0.1634365014400017,-28.04014971027008,680892.8004552984,36768.378372,719598.5028972984,-407,6888,6888,92.720001,1071.084344400043,-1634.3650144000171
2016-05-11,0.5852992922549999,-27.87671320883007,32220.088731698386,674860.46459,721232.8679116984,-7295,-6951,-6951,93.480003,1202.522652449974,5852.992922549998
2016-05-10,-0.5120211333749984,-28.462012501085074,683305.3129251484,32136.479311999996,715379.8749891485,-344,7015,7015,93.33000200000001,1115.3853507499616,-5120.211333749984
2016-05-09,0.018386335949996238,-27.949991367710073,34567.70368189838,682841.617359,720500.0863228984,-7359,-6990,-6990,93.0,1258.1996505000088,183.86335949996237
2016-05-06,-0.1885787292000013,-27.968377703660067,685622.8411183985,34213.680369,720316.2229633984,-369,6937,6937,93.370003,1175.8215000000348,-1885.787292000013
2016-05-05,0.41854725386999503,-27.779798974460064,29885.435643398396,681211.425388,722202.0102553985,-7306,-6993,-6993,94.0,1426.5726993000524,4185.47253869995
2016-05-04,-0.12520009135999285,-28.198346228330063,687902.8102206984,29481.470626000002,718016.5377166984,-313,7004,7004,95.199997,1421.8112996000027,-1252.0009135999285
2016-05-03,-0.8665153163000098,-28.073146136970074,37177.84253229867,696432.06,719268.5386302985,-7317,-6923,-6923,94.199997,1273.8320000000222,-8665.153163000097
2016-05-02,-0.303134645845001,-27.20663082067006,690779.4906112986,36894.159606,727933.6917932986,-394,6971,6971,93.970001,1467.3951514500334,-3031.34645845001
2016-04-29,0.01896890523500413,-26.903496174825058,36887.45298174866,690395.08527,730965.0382517487,-7365,-6989,-6989,93.989998,1967.4024516499614,189.68905235004127
2016-04-28,0.08395012300499584,-26.922465080060064,693028.7091993986,35656.080752,730775.3491993987,-376,6861,6861,97.610001,1725.541156950011,839.5012300499584
2016-04-27,-1.0444964089349908,-27.00641520306506,48355.18796934849,707923.34,729935.8479693485,-7237,-6773,-6773,96.0,1148.0231613499577,-10444.964089349909
2016-04-26,0.6557516578000032,-25.961918794130067,692370.7274186984,48418.399072,740380.8120586984,-464,6139,6139,103.910004,963.8230000000133,6557.516578000032
2016-04-25,-0.14621622060000686,-26.61767045193007,41036.548686698465,693843.2532060001,733823.2954806983,-6603,-6213,-6213,105.0,1199.109000000022,-1462.1622060000686
2016-04-22,0.49408858577499665,-26.471454231330068,694592.8561266984,41215.200000000004,735285.4576866984,-390,6115,6115,105.010002,1042.6084172500055,4940.885857749967
2016-04-21,0.5040834820900109,-26.965542817105064,28520.128333948403,689334.856505,730344.5718289485,-6505,-6239,-6239,106.93,1257.1578760999578,5040.834820900109
2016-04-20,0.04473028228999526,-27.469626299195074,697067.8367420485,28496.579202,725303.7370080485,-266,6206,6206,106.639999,1169.830069100032,447.3028228999526
2016-04-19,0.4943054383500031,-27.514356581485067,20379.29890514844,691921.545888,724856.4341851483,-6472,-6286,-6286,107.879997,1260.3414284999833,4943.054383500031
2016-04-18,0.48773605049999624,-28.00866201983507,699397.5807316484,19991.280558,719913.3798016484,-186,6065,6065,108.889999,1385.8525000000152,4877.360504999962
2016-04-15,1.3168588741049947,-28.49639807033507,109.12429264850084,686672.337498,715036.0192966484,-6251,-6267,-6267,112.110001,958.8500599500387,13168.588741049945
2016-04-14,0.15505604299500128,-29.81325694444006,700073.8305875985,-0.0,701867.4305555985,16,6377,6377,111.620003,1128.7267680500304,1550.5604299500128
2016-04-13,-0.9114146042999977,-29.968312987435063,3405.678320648413,712686.4463610001,700316.8701256484,-6361,-6330,-6330,110.800003,1215.3587339999772,-9114.146042999977
2016-04-12,-0.33321533719999824,-29.05689838313506,706075.5764786485,3423.6400620000004,709431.0161686485,-31,6460,6460,109.339996,1220.9396770000103,-3332.1533719999825
2016-04-11,-0.14996635580500553,-28.723683045935065,5763.417085648576,707648.800527,712763.1695406486,-6491,-6439,-6439,108.970001,1159.0196780500082,-1499.6635580500551
2016-04-08,-0.37537677724999513,-28.57371669013006,708586.5128906985,5650.320208,714262.8330986985,-52,6406,6406,108.910004,1377.2883984999712,-3753.7677724999517
2016-04-07,0.013963537260001567,-28.198339912880066,-1146.233922801464,700951.326458,718016.6008711985,-6458,-12918,-12918,109.949997,2441.505875399936,139.63537260001567
2016-04-06,0.7428420954750021,-28.212303450140066,1075.3719585983513,-0.0,717876.9654985984,6460,1,1,110.230003,0.1655002499999995,7428.42095475002
2016-04-05,-0.8461322295000026,-28.95514554561507,1185.767461848351,-0.0,710448.5445438483,6459,0,0,109.510002,0.0,-8461.322295000025
2016-04-04,0.7298942294849982,-28.109013316115067,1185.767461848351,-0.0,718909.8668388483,6459,-1,-1,110.41999799999999,0.1900001499999945,7298.942294849981
2016-04-01,0.64601179975,-28.838907545600065,1075.537463998351,-0.0,711610.9245439983,6460,2,2,108.779999,0.3020005000000026,6460.1179975000005
2016-03-31,-0.3681762005999956,-29.484919345350065,1293.399462498351,-0.0,705150.8065464983,6458,2,2,109.720001,0.38199999999998796,-3681.7620059999563
2016-03-30,1.214016509519991,-29.116743144750068,1513.2214644983512,-0.0,708832.5685524982,6456,-4,-4,108.650002,0.982000800000003,12140.16509519991
2016-03-29,1.6085387079999998,-30.330759654270054,1079.603457298351,-0.0,696692.4034572984,6460,0,0,104.889999,0.0,16085.387079999999
2016-03-28,-0.3100774159999908,-31.93929836227006,1079.603457298351,-0.0,680607.0163772984,6460,0,0,106.0,0.0,-3100.7741599999076
2016-03-24,-0.2970089051700067,-31.629220946270063,1079.603457298351,-0.0,683707.7905372983,6460,3,3,105.470001,0.4754997000000032,-2970.089051700067
2016-03-23,-0.38096558279999565,-31.332212041100053,1396.488959998351,-0.0,686677.8795889984,6457,0,0,106.480003,0.0,-3809.6558279999567
2016-03-22,0.5227494116549972,-30.951246458300062,1396.488959998351,-0.0,690487.5354169983,6457,-3,-3,105.25,0.6765004499999805,5227.494116549972
2016-03-21,-0.006473674189994732,-31.473995869955058,1081.415460448351,-0.0,685260.0413004484,6460,1,1,105.93,0.16549990000000606,-64.73674189994732
2016-03-18,0.07750477049999277,-31.467522195765067,1187.510960348351,-0.0,685324.7780423482,6459,0,0,106.339996,0.0,775.0477049999276
2016-03-17,-0.10992890901999519,-31.54502696626506,1187.510960348351,-0.0,684549.7303373483,6459,-2,-2,105.519997,0.3720001999999852,-1099.289090199952
2016-03-16,0.8980783538999928,-31.43509805724506,976.842966548351,-0.0,685649.0194275484,6461,0,0,104.610001,0.0,8980.783538999927
2016-03-15,1.3309692305000027,-32.333176411145054,976.842966548351,-0.0,676668.2358885484,6461,0,0,103.959999,0.0,13309.692305000026
2016-03-14,0.1680460689150023,-33.66414564164506,976.842966548351,-0.0,663358.5435835484,6461,3,3,101.910004,0.4169998500000134,1680.4606891500227
2016-03-11,0.7040976832400049,-33.83219171056006,1282.989978398351,-0.0,661678.0828943984,6458,-2,-2,102.239998,0.4089995999999985,7040.976832400049
2016-03-10,0.03225121987499714,-34.53628939380007,1078.918981998351,-0.0,654637.1060619983,6460,1,1,101.410004,0.1655002499999995,322.51219874997145
2016-03-09,0.05808878369999569,-34.56854061367507,1180.494486248351,-0.0,654314.5938632484,6459,1,1,101.309998,0.16799999999999785,580.8878369999569
2016-03-08,-0.5423849328149957,-34.62662939737506,1281.9724842483508,-0.0,653733.7060262484,6458,1,1,100.779999,0.193500149999997,-5423.849328149957
2016-03-07,-0.736349055155002,-34.084244464560065,1382.945983398351,-0.0,659157.5553543983,6457,-3,-3,102.389999,0.6569995499999834,-7363.49055155002
2016-03-04,0.9754612919999999,-33.34789540940506,1076.432985948351,-0.0,666521.0459059484,6460,0,0,102.370003,0.0,9754.61292
2016-03-03,0.48450449879999996,-34.32335670140506,1076.432985948351,-0.0,656766.4329859484,6460,6,6,100.58000200000001,0.9750000000000001,4845.044988
2016-03-02,0.14184489692499766,-34.80786120020507,1680.8879979483509,-0.0,651921.3879979483,6454,-5,-5,100.510002,1.3374997500000347,1418.4489692499765
2016-03-01,2.480254062299998,-34.94970609713006,1179.675487698351,-0.0,650502.9390286985,6459,0,0,97.650002,0.0,24802.54062299998
2016-02-29,-0.142099291799996,-37.42996015943006,1179.675487698351,-0.0,625700.3984056985,6459,0,0,96.860001,0.0,-1420.99291799996
2016-02-26,0.09664009376000043,-37.287860867630066,1179.675487698351,-0.0,627121.3913236985,6459,4,4,97.199997,0.7020003999999972,966.4009376000043
2016-02-25,0.42591138406000045,-37.38450096139006,1569.177476098351,-0.0,626154.9903860983,6455,-4,-4,96.050003,1.0119994000000019,4259.113840600005
2016-02-24,0.9105349166299951,-37.81041234545007,1185.989463498351,-0.0,621895.8765454984,6459,-2,-2,93.980003,0.394999700000011,9105.349166299951
2016-02-23,-1.4149557694999975,-38.72094726208006,998.424457198351,-0.0,612790.5273791983,6461,0,0,96.400002,0.0,-14149.557694999974
2016-02-22,0.5425124171249995,-37.30599149258006,998.424457198351,-0.0,626940.0850741984,6461,5,5,96.309998,0.7399997500000239,5425.124171249996
2016-02-19,-0.14213264602999764,-37.84850390970506,1480.714446948351,-0.0,621514.9609029484,6456,-2,-2,96.0,0.48000030000001176,-1421.3264602999766
2016-02-18,-1.2011886457999983,-37.70637126367507,1289.194447248351,-0.0,622936.2873632484,6458,0,0,98.839996,0.0,-12011.886457999983
2016-02-17,0.9557683831149959,-36.50518261787507,1289.194447248351,-0.0,634948.1738212483,6458,-1,-1,96.66999799999999,0.21199985000000368,9557.68383114996
2016-02-16,1.7113947461200019,-37.460951000990065,1192.736449098351,-0.0,625390.4899900984,6459,2,2,95.019997,0.3489998000000128,17113.94746120002
2016-02-12,0.18725364570000244,-39.172345747110064,1383.125442898351,-0.0,608276.5425288983,6457,0,0,94.190002,0.0,1872.5364570000243
2016-02-11,-0.3680490000000048,-39.35959939281006,1383.125442898351,-0.0,606404.0060718984,6457,0,0,93.790001,0.0,-3680.4900000000475
2016-02-10,-0.46513074571999763,-38.991550392810055,1383.125442898351,-0.0,610084.4960718984,6457,2,2,95.91999799999999,0.40100020000000997,-4651.307457199976
2016-02-09,-0.012863881880000141,-38.526419647090066,1575.3664390983508,-0.0,614735.8035290984,6455,1,1,94.290001,0.23299979999999323,-128.63881880000142
2016-02-08,0.6386037770599977,-38.513555765210064,1669.889439898351,-0.0,614864.4423478983,6454,-3,-3,93.129997,0.7844994000000043,6386.037770599976
2016-02-05,-1.665919345599997,-39.15215954227006,1391.2839482983509,-0.0,608478.4045772983,6457,1,1,96.519997,0.20699999999999932,-16659.19345599997
2016-02-04,0.16118160099,-37.48624019667007,1488.010945298351,-0.0,625137.5980332984,6456,-3,-3,95.860001,0.7139990999999839,1611.8160099000002
2016-02-03,1.2078629701900017,-37.647421797660066,1201.144941398351,-0.0,623525.7820233984,6459,-1,-1,95.0,0.18800010000000214,12078.629701900018
2016-02-02,-1.2592758109250068,-38.85528476785007,1106.332941498351,-0.0,611447.1523214984,6460,5,5,95.41999799999999,0.827499249999974,-12592.758109250068
2016-02-01,-0.5876263169799951,-37.59600895692506,1584.260430748351,-0.0,624039.9104307484,6455,-2,-2,96.470001,0.49899979999999006,-5876.263169799951
2016-01-29,2.09825304853,-37.008382639945076,1391.819428548351,-0.0,629916.1736005483,6457,3,3,94.790001,0.6194997000000086,20982.5304853
2016-01-28,0.4324378097900043,-39.10663568847507,1676.808931248351,-0.0,608933.6431152484,6454,-2,-2,93.790001,0.5290001000000017,4324.378097900043
2016-01-27,-4.241592000000003,-39.539073498265076,1489.7579293483511,-0.0,604609.2650173483,6456,0,0,96.040001,0.0,-42415.92000000004
2016-01-26,0.35493621799999553,-35.297481498265064,1489.7579293483511,-0.0,647025.1850173484,6456,2,2,99.93,0.43199999999999933,3549.362179999955
2016-01-25,-1.2778894183999905,-35.65241771626506,1690.0499293483513,-0.0,643475.8228373484,6454,0,0,101.519997,0.0,-12778.894183999906
2016-01-22,3.303413975499993,-34.37452829786507,1690.0499293483513,-0.0,656254.7170213483,6454,4,4,98.629997,0.9879990000000248,33034.13975499993
2016-01-21,-0.31608296159999993,-37.67794227336506,2085.5579163483512,-0.0,623220.5772663484,6450,-5,-5,97.059998,1.6925010000000213,-3160.829615999999
2016-01-20,0.083549562280002,-37.361859311765066,1601.950427348351,-0.0,626381.4068823484,6455,-2,-2,95.099998,0.5150001999999858,835.4956228000201
2016-01-19,-0.3045227349300015,-37.445408874045064,1412.265431548351,-0.0,625545.9112595484,6457,7,7,98.410004,1.52249929999999,-3045.227349300015
2016-01-15,-1.5426471000750004,-37.14088613911507,2102.657958848351,-0.0,628591.1386088484,6450,-3,-3,96.199997,1.0110007499999825,-15426.471000750003
2016-01-14,1.3746530094300002,-35.59823903904007,1815.068968598351,-0.0,644017.6096095984,6453,-6,-6,97.959999,1.7669996999999626,13746.530094300004
2016-01-13,-1.6599629999999959,-36.972892048470065,1229.075974298351,-0.0,630271.0795152985,6459,0,0,100.32,0.0,-16599.629999999957
2016-01-12,0.9231957991799951,-35.312929048470075,1229.075974298351,-0.0,646870.7095152984,6459,2,2,100.550003,0.3720002000000136,9231.95799179995
2016-01-11,1.012857999220005,-36.23612484765007,1430.5479804983509,-0.0,637638.7515234984,6457,4,4,98.970001,0.8699997999999823,10128.57999220005
2016-01-08,0.3296487924449999,-37.24898284687007,1827.297984298351,-0.0,627510.1715312983,6453,-3,-3,98.550003,0.854999549999991,3296.487924449999
2016-01-07,-2.7434410006000003,-37.57863163931507,1532.502974848351,-0.0,624213.6836068484,6456,2,2,98.68,0.45,-27434.410006000002
2016-01-06,-1.3011304919200002,-34.83519063871507,1730.312974848351,-0.0,651648.0936128483,6454,-16,-16,100.559998,4.35199520000001,-13011.304919200002
2016-01-05,-2.1163336160050026,-33.53406014679507,125.70500204835093,-0.0,664659.3985320483,6470,6107,6107,105.75,1639.7304160499991,-21163.336160050025
2016-01-04,1.5708902295299991,-31.41772653079007,647580.6854180984,-0.0,685822.7346920983,363,6426,6426,102.610001,1352.6726787000307,15708.902295299991
2015-12-31,0.9590790698749987,-32.98861676032006,10701.940270798348,638191.392126,670113.8323967984,-6063,-5965,-5965,107.010002,1049.8391052500137,9590.790698749986
2015-12-30,-0.027117885650007723,-33.94769583019506,649758.7213060486,10517.359999999999,660523.0416980485,-98,5990,5990,108.58000200000001,1368.714700500033,-271.17885650007725
2015-12-29,-1.1898368812900018,-33.92057794454506,20458.380554548596,662009.107824,660794.2205545485,-6088,-5899,-5899,106.959999,1035.2750898999957,-11898.368812900018
2015-12-28,0.1897068849550026,-32.73074106325505,652212.5508794487,20188.98,672692.5893674486,-189,5803,5803,107.589996,884.9583704500012,1897.068849550026
2015-12-24,0.46958808079000186,-32.920447948210054,11855.274525898545,647315.754008,670795.5205178985,-5992,-5882,-5882,109.0,1073.4652940999592,4695.880807900018
2015-12-23,-0.13713405206000856,-33.390036029000065,654447.3404799985,11947.10011,666099.6397099985,-110,5993,5993,107.269997,979.8566986000427,-1371.3405206000857
2015-12-22,-0.010982700314994053,-33.25290197694005,10971.264127598515,654424.708309,667470.9802305985,-6103,-6001,-6001,107.400002,1140.190900149967,-109.82700314994054
2015-12-21,-0.9258076508850044,-33.24191927662506,656643.3476417485,10947.660204000002,667580.8072337485,-102,5943,5943,107.279999,1696.7262028500454,-9258.076508850045
2015-12-18,1.5819775121400022,-32.31611162574006,1068.279337598522,640951.343955,676838.8837425985,-6045,-6036,-6036,108.910004,1590.4850945999624,15819.775121400022
2015-12-17,-0.5565971023249995,-33.898089137880056,659983.5687021986,980.820027,661019.1086211986,-9,5947,5947,112.019997,1543.2450132499694,-5565.971023249995
2015-12-16,-0.2954400268250046,-33.341492035555056,6660.255820448627,663141.016176,666585.0796444485,-5956,-5897,-5897,111.07,1312.0839742500098,-2954.400268250046
2015-12-15,0.18499329511499585,-33.04605200873005,662849.4695586985,6518.909882,669539.4799126985,-59,5863,5863,111.940002,1433.5032068499802,1849.9329511499584
2015-12-14,-0.3066924059899977,-33.23104530384504,5136.204727548493,666106.577766,667689.5469615487,-5922,-5878,-5878,112.18,1334.3062939000388,-3066.924059899977
2015-12-11,0.47407956079999164,-32.924352897855044,665599.6708454487,4979.92,670756.4710214487,-44,5701,5701,115.190002,977.7215000000019,4740.795607999917
2015-12-10,-0.2070297272999923,-33.39843245865504,112.70243344858318,667396.63851,666015.6754134487,-5745,-5749,-5749,116.040001,1325.1444999999876,-2070.2972729999233
2015-12-09,0.22878926674499736,-33.19140273135504,667623.4926744486,-0.0,668085.9726864486,4,5703,5703,117.639999,1066.4601445499886,2287.8926674499735
2015-12-08,-0.5235022626249944,-33.42019199810004,97.94130999852177,673792.7870969999,665798.0800189987,-5699,-5735,-5735,117.519997,1161.3383602499848,-5235.022626249944
2015-12-07,-0.1545893344499937,-32.89668973547504,666775.0226812486,-0.0,671033.1026452486,36,5910,5910,118.980003,1814.36970449998,-1545.893344499937
2015-12-04,-2.3290459844000013,-32.74210040102505,17334.278367748648,699182.2141260001,672578.9959897485,-5874,-5726,-5726,115.290001,1308.3910000000142,-23290.459844000015
2015-12-03,-0.25013279978000247,-30.413054416625048,678420.2545017486,17049.599556,695869.4558337487,-148,5644,5644,116.550003,1137.265717800025,-2501.3279978000246
2015-12-02,0.5016320977049943,-30.16292161684505,12598.024375548748,673493.754208,698370.7838315486,-5792,-5687,-5687,117.339996,1123.1816469500313,5016.320977049943
2015-12-01,-0.34908253777999826,-30.664553714550042,680737.6624344988,12320.69958,693354.4628544988,-105,5674,5674,118.75,1038.3431348000042,-3490.8253777999826
2015-11-30,-0.26090395864000515,-30.315471176770043,16772.608685298834,683655.7173370001,696845.2882322987,-5779,-5638,-5638,117.989998,792.1406914000285,-2609.0395864000516
2015-11-27,-0.23492394454999957,-30.054567218130043,682707.7572546987,16611.209718,699454.3278186987,-141,5594,5594,118.290001,925.8083984999971,-2349.239445499996
2015-11-25,0.5542972717749997,-29.81964327358004,11366.922999198749,676902.044265,701803.5672641987,-5735,-5639,-5639,119.209999,1192.6470902499605,5542.972717749997
2015-11-24,0.10261364893499822,-30.37394054535504,685145.7138744487,11412.479712,696260.5945464487,-96,5659,5659,117.33000200000001,1242.1524806499751,1026.1364893499822
2015-11-23,0.7848408719000023,-30.47655419429004,88.04258709851013,677651.25,695234.4580570987,-5755,-5841,-5841,119.269997,896.593499999998,7848.408719000022
2015-11-20,-0.39923519929999257,-31.261395066190037,677126.2490800986,-0.0,687386.0493380986,86,6030,6030,119.199997,1504.48439699997,-3992.3519929999256
2015-11-19,-0.7067276201099981,-30.86215986689005,-1097.592724901624,706028.314056,691378.4013310985,-5944,-11889,-11889,117.639999,2371.8543110999744,-7067.276201099981
2015-11-18,2.139522455454998,-30.15543224678005,1156.6215871984666,-0.0,698445.6775321985,5945,3,3,115.760002,0.5595004500000187,21395.224554549983
2015-11-17,-0.29115681159999995,-32.294954702235046,1504.4610936484667,-0.0,677050.4529776485,5942,0,0,114.91999799999999,0.0,-2911.5681159999995
2015-11-16,1.0927178772250046,-32.00379789063505,1504.4610936484667,-0.0,679962.0210936485,5942,-5,-5,111.379997,1.3250007499999867,10927.178772250047
2015-11-13,-2.0100166726799986,-33.09651576786006,948.8861093984667,-0.0,669034.8423213984,5947,2,2,115.199997,0.3169998000000021,-20100.166726799984
2015-11-12,-0.23185500000000037,-31.08649909518006,1179.6031031984667,-0.0,689135.0090481985,5945,0,0,116.260002,0.0,-2318.550000000004
2015-11-11,-0.39242767141000395,-30.85464409518006,1179.6031031984667,-0.0,691453.5590481984,5945,-1,-1,116.370003,0.20050010000000498,-3924.27671410004
2015-11-10,-2.2594817837999943,-30.46221642377006,1063.4336002984667,-0.0,695377.8357622985,5946,0,0,116.900002,0.0,-22594.81783799994
2015-11-09,-0.29136471094999994,-28.20273463997006,1063.4336002984667,-0.0,717972.6536002985,5946,2,2,120.959999,0.31899950000000105,-2913.6471094999993
2015-11-06,0.08321600000000035,-27.91136992902006,1305.6725977984668,-0.0,720886.3007097985,5944,0,0,121.110001,0.0,832.1600000000035
2015-11-05,-0.6419531888000044,-27.994585929020058,1305.6725977984668,-0.0,720054.1407097984,5944,0,0,121.849998,0.0,-6419.531888000044
2015-11-04,-0.33877595030499597,-27.352632740220056,1305.6725977984668,-0.0,726473.6725977985,5944,-1,-1,123.129997,0.23950004999999522,-3387.7595030499597
2015-11-03,0.826354999999992,-27.01385678991506,1182.7821008484668,-0.0,729861.4321008484,5945,0,0,120.790001,0.0,8263.54999999992
2015-11-02,0.9984622993600042,-27.840211789915053,1182.7821008484668,-0.0,721597.8821008486,5945,2,2,120.800003,0.3770003999999972,9984.622993600042
2015-10-30,-0.612196505625002,-28.838674089275056,1424.759107248467,-0.0,711613.2591072485,5943,1,1,120.989998,0.22100024999999449,-6121.965056250021
2015-10-29,0.7486099883749999,-28.226477583650052,1545.970105498467,-0.0,717735.2241634985,5942,-1,-1,118.699997,0.2620002500000055,7486.09988375
2015-10-28,2.8048316844850003,-28.975087572025053,1427.5321087484672,-0.0,710249.1242797484,5943,1,1,116.93,0.22750015000000304,28048.31684485
2015-10-27,-0.4337776728949999,-31.779919256510055,1544.6896088984672,-0.0,682200.8074348985,5942,-1,-1,115.400002,0.2604999500000019,-4337.776728949999
2015-10-26,-2.2587152829150026,-31.346141583615058,1429.550106848467,-0.0,686538.5841638485,5943,-3,-3,118.08000200000001,0.7350001499999792,-22587.152829150025
2015-10-23,2.1285321894900044,-29.087426300700052,1076.045100998467,-0.0,709125.7369929985,5946,1,1,116.699997,0.17000010000000146,21285.321894900044
2015-10-22,1.0341996109249998,-31.21595849019006,1192.9150980984668,-0.0,687840.4150980985,5945,3,3,114.33000200000001,0.5820007499999804,10341.996109249998
2015-10-21,-0.005954027760002114,-32.25015810111506,1536.4871048484667,-0.0,677498.4189888485,5942,-4,-4,114.0,1.0699995999999827,-59.540277600021135
2015-10-20,1.2129804324000042,-32.24420407335506,1081.5571044484668,-0.0,677557.9592664485,5946,0,0,111.339996,0.0,12129.804324000042
2015-10-19,0.41027518919999567,-33.457184505755066,1081.5571044484668,-0.0,665428.1549424484,5946,0,0,110.800003,0.0,4102.751891999957
2015-10-16,-0.48757199999999595,-33.86745969495506,1081.5571044484668,-0.0,661325.4030504485,5946,0,0,111.779999,0.0,-4875.719999999959
2015-10-15,0.9810911892000004,-33.379887694955066,1081.5571044484668,-0.0,666201.1230504484,5946,0,0,110.93,0.0,9810.911892000004
2015-10-14,-0.9394691892000044,-34.36097888415507,1081.5571044484668,-0.0,656390.2111584484,5946,0,0,111.290001,0.0,-9394.691892000044
2015-10-13,0.11316013323000258,-33.42150969495506,1081.5571044484668,-0.0,665784.9030504485,5946,3,3,110.82,0.4964997000000182,1131.601332300026
2015-10-12,-0.30896487150999863,-33.534669828185066,1414.5136041484668,-0.0,664653.3017181485,5943,-2,-2,112.730003,0.47900009999999044,-3089.648715099986
2015-10-09,1.5575917834999984,-33.225704956675074,1189.5325982484667,-0.0,667742.9504332484,5945,0,0,110.0,0.0,15575.917834999982
2015-10-08,-0.7609594055000021,-34.78329674017507,1189.5325982484667,-0.0,652167.0325982485,5945,0,0,110.190002,0.0,-7609.594055000021
2015-10-07,-0.31514725550499373,-34.022337334675065,1189.5325982484667,-0.0,659776.6266532484,5945,1,1,111.739998,0.1985000499999984,-3151.4725550499375
2015-10-06,0.31501840596999375,-33.707190079170076,1301.4710962984666,-0.0,662928.0992082984,5944,2,2,110.629997,0.4300003000000004,3150.1840596999373
2015-10-05,0.23752658841000035,-34.02220848514007,1523.1610905984667,-0.0,659777.9151485985,5942,-2,-2,109.879997,0.5459999000000095,2375.2658841000034
2015-10-02,0.4757879279499974,-34.25973507355007,1303.9470964984666,-0.0,657402.6492644985,5944,2,2,108.010002,0.4310004999999933,4757.8792794999745
2015-10-01,-0.4272308923399978,-34.73552300150007,1520.3981009984666,-0.0,652644.7699849985,5942,6,6,109.07,1.4429993999999682,-4272.308923399978
2015-09-30,0.7366489679600065,-34.308292109160064,2176.2611003984666,-0.0,656917.0789083985,5936,-8,-8,110.16999799999999,3.060000399999967,7366.489679600064
2015-09-29,-2.009134027590008,-35.04494107712007,1297.9611167984665,-0.0,649550.5892287984,5944,1,1,112.83000200000001,0.20649990000000287,-20091.340275900082
2015-09-28,-1.3490592170999938,-33.035807049530064,1410.9976186984663,-0.0,669641.9295046986,5943,0,0,113.849998,0.0,-13490.592170999937
2015-09-25,-0.17199254365500233,-31.686747832430072,1410.9976186984663,-0.0,683132.5216756985,5943,-3,-3,116.440002,0.769499550000009,-1719.9254365500233
2015-09-24,0.40441790001000405,-31.51475528877507,1062.4471122484665,-0.0,684852.4471122485,5946,1,1,113.25,0.1709999000000039,4044.1790001000404
2015-09-23,0.5469388109999955,-31.91917318878508,1175.8681121484665,-0.0,680808.2681121484,5945,0,0,113.629997,0.0,5469.388109999956
2015-09-22,-1.0757143160899976,-32.46611199978507,1175.8681121484665,-0.0,675338.8800021484,5945,2,2,113.379997,0.3709998999999982,-10757.143160899976
2015-09-21,1.0459691886,-31.390397683695074,1402.9991060484665,-0.0,686096.0231630484,5943,0,0,113.66999799999999,0.0,10459.691886
2015-09-18,-0.2801009938399978,-32.436366872295075,1402.9991060484665,-0.0,675636.3312770484,5943,-4,-4,112.209999,0.9539994000000093,-2801.009938399978
2015-09-17,-1.4806280681850048,-32.15626587845507,955.1131094484664,-0.0,678437.3412154485,5947,3,3,115.660004,0.4649998499999868,-14806.280681850048
2015-09-16,0.07727497199999823,-30.67563781027007,1302.5581212984664,-0.0,693243.6218972985,5944,0,0,116.25,0.0,772.7497199999824
2015-09-15,0.5764864442100063,-30.752912782270066,1302.5581212984664,-0.0,692470.8721772984,5944,1,1,115.93,0.2014998999999932,5764.864442100063
2015-09-14,0.653210905129998,-31.32939922648007,1418.6896211984665,-0.0,686706.0077351984,5943,2,2,116.58000200000001,0.44499969999999395,6532.10905129998
2015-09-11,0.9743745058150017,-31.98261013161007,1652.2946248984665,-0.0,680173.8986838985,5941,1,1,111.790001,0.2689998500000058,9743.745058150018
2015-09-10,1.4373825594999956,-32.95698463742507,1764.3536257484666,-0.0,670430.1536257484,5940,-5,-5,110.269997,1.5625000000000284,14373.825594999955
2015-09-09,-1.2841176219999955,-34.39436719692507,1214.5661407484665,-0.0,656056.3280307484,5945,0,0,113.760002,0.0,-12841.176219999956
2015-09-08,1.8067451939499937,-33.11024957492507,1214.5661407484665,-0.0,668897.5042507484,5945,2,2,111.75,0.3939994999999897,18067.451939499937
2015-09-04,-0.6535009653799961,-34.916994768875064,1438.4601402484666,-0.0,650830.0523112484,5943,2,2,108.970001,0.4739998000000128,-6535.009653799962
2015-09-03,-1.1704549416900014,-34.263493803495074,1656.8741420484666,-0.0,657365.0619650484,5941,2,2,112.489998,0.5209999000000038,-11704.549416900014
2015-09-02,2.7449070316000017,-33.09303886180507,1882.3751379484668,-0.0,669069.6113819485,5939,-5,-5,110.230003,1.6299989999999838,27449.070316000016
2015-09-01,-2.9960602443950024,-35.83794589340507,1332.8551219484668,-0.0,641620.5410659485,5944,-1,-1,110.150002,0.22649994999999593,-29960.60244395002
2015-08-31,-0.3147629548550022,-32.84188564901007,1222.9316198984668,-0.0,671581.1435098985,5945,3,3,112.029999,0.5654995500000155,-3147.6295485500223
2015-08-28,0.22010028257500666,-32.52712269415507,1559.5871164484668,-0.0,674728.7730584485,5942,5,5,112.16999799999999,1.305000249999992,2201.0028257500667
2015-08-27,1.9156312246399914,-32.74722297673007,2121.7421066984666,-0.0,672527.7702326984,5937,7,7,112.230003,2.393998600000015,19156.312246399913
2015-08-26,3.519159176680004,-34.66285420137007,2909.7461262984666,-0.0,653371.4579862985,5930,24,24,107.089996,11.532001199999877,35191.59176680004
2015-08-25,0.385909040980002,-38.182013378050065,5491.438031498466,-0.0,618179.8662194984,5906,-28,-28,111.110001,26.320004199999847,3859.09040980002
2015-08-24,-1.579008155500002,-38.56792241903007,2406.6780076984664,-0.0,614320.7758096985,5934,-11,-11,94.870003,4.5375,-15790.08155500002
2015-08-21,-4.0968418006150005,-36.98891426353006,1367.6454746984664,-0.0,630110.8573646985,5945,-3,-3,110.43,0.7080001500000208,-40968.41800615
2015-08-20,-1.4037279999999999,-32.89207246291506,1037.0634748484665,-0.0,671079.2753708485,5948,0,0,114.08000200000001,0.0,-14037.279999999997
2015-08-19,-0.8862051100000001,-31.488344462915066,1037.0634748484665,-0.0,685116.5553708485,5948,2,2,116.099998,0.3430000000000007,-8862.0511
2015-08-18,-0.3924383784000004,-30.60213935291507,1269.6064708484666,-0.0,693978.6064708484,5946,0,0,116.43,0.0,-3924.383784000004
2015-08-17,0.7135094732200026,-30.20970097451507,1269.6064708484666,-0.0,697902.9902548484,5946,-1,-1,116.040001,0.21499980000000676,7135.094732200026
2015-08-14,0.4823422178499973,-30.92321044773507,1153.7814696484666,-0.0,690767.8955226485,5947,10,10,114.32,1.9300005000000056,4823.422178499974
2015-08-13,-0.053307474314999576,-31.40555266558507,2298.9114701484664,-0.0,685944.4733441485,5937,-3,-3,116.040001,1.1685001500000027,-533.0747431499958
2015-08-12,1.0391092503300001,-31.35224519127007,1951.9599672984664,-0.0,686477.5480872984,5940,-3,-3,112.529999,1.0274996999999957,10391.0925033
2015-08-11,-3.703363984079998,-32.39135444160007,1615.3974699984662,-0.0,676086.4555839985,5943,-4,-4,117.809998,1.091999800000019,-37033.63984079998
2015-08-10,2.4975028783999957,-28.687990457520076,1145.2494777984662,-0.0,713120.0954247984,5947,2,2,116.529999,0.3750000000000114,24975.02878399996
2015-08-07,0.23205359709000034,-31.18549333592007,1378.684475798466,-0.0,688145.0666407986,5945,6,6,114.58000200000001,1.313999099999967,2320.5359709000036
2015-08-06,-0.1603356696199986,-31.41754693301007,2067.478486898466,-0.0,685824.5306698985,5939,-1,-1,115.970001,0.3670001999999982,-1603.356696199986
2015-08-05,0.45157853221499855,-31.257211263390072,1951.8754860984661,-0.0,687427.8873660985,5940,1,1,112.949997,0.3224998500000055,4515.785322149985
2015-08-04,-2.2580570354350025,-31.70878979560507,2065.147982948466,-0.0,682912.1020439485,5939,-9,-9,117.41999799999999,3.172501350000027,-22580.570354350024
2015-08-03,-1.7011272450749981,-29.45073276017007,1011.5405022984659,-0.0,705492.6723982985,5948,-1,-1,121.5,0.18649975000000155,-17011.27245074998
2015-07-31,-0.6365802995049961,-27.749605515095066,890.2270020484659,-0.0,722503.9448490485,5949,1,1,122.599998,0.1430000500000034,-6365.80299504996
2015-07-30,-0.3687730260000018,-27.11302521559007,1012.9700000984659,-0.0,728869.7478440985,5948,0,0,122.32,0.0,-3687.7302600000176
2015-07-29,-0.23196520570500184,-26.744252189590068,1012.9700000984659,-0.0,732557.4781040985,5948,1,1,123.150002,0.16800004999999488,-2319.6520570500184
2015-07-28,0.36268855000999967,-26.512286983885065,1136.288002148466,-0.0,734877.1301611485,5947,1,1,123.379997,0.1744999000000064,3626.8855000999965
2015-07-27,-1.0286597837999978,-26.87497553389506,1259.842499048466,-0.0,731250.2446610485,5946,0,0,123.089996,0.0,-10286.597837999978
2015-07-24,-0.3925106775800004,-25.846315750095066,1259.842499048466,-0.0,741536.8424990484,5946,2,2,125.32,0.4029997999999864,-3925.106775800004
2015-07-23,-0.03552131761999743,-25.453805072515067,1510.8854988484659,-0.0,745461.9492748486,5944,-2,-2,126.199997,0.5510001999999872,-355.2131761999743
2015-07-22,-3.2890364055550014,-25.418283754895068,1259.0365050484659,-0.0,745817.1624510485,5946,-1,-1,121.989998,0.22999954999999375,-32890.36405555002
2015-07-21,-0.7849515130200025,-22.129247349340066,1137.2765065984659,-0.0,778707.5265065985,5947,-1,-1,132.850006,0.21350020000000428,-7849.515130200025
2015-07-20,1.4572671376000088,-21.344295836320065,1004.6400007984657,-0.0,786557.0416367985,5948,0,0,130.970001,0.0,14572.67137600009
2015-07-17,0.6602279999999912,-22.801562973920078,1004.6400007984657,-0.0,771984.3702607985,5948,0,0,129.080002,0.0,6602.2799999999115
2015-07-16,1.0052090260000062,-23.461790973920067,1004.6400007984657,-0.0,765382.0902607986,5948,0,0,127.739998,0.0,10052.09026000006
2015-07-15,0.7197074051999979,-24.466999999920073,1004.6400007984657,-0.0,755330.0000007985,5948,0,0,125.720001,0.0,7197.074051999978
2015-07-14,-0.05115927188000223,-25.18670740512007,1004.6400007984657,-0.0,748132.9259487985,5948,388,388,126.040001,66.73603879999877,-511.5927188000223
2015-07-13,0.14002880985000207,-25.135548133240068,49974.89642759847,-0.0,748644.5186675985,5560,5970,5970,125.029999,1385.0397014999628,1400.2880985000209
2015-07-10,-1.2902565280300071,-25.27557694309007,697798.2285190985,50544.79959,747244.2305690985,-410,5238,5238,121.940002,1791.3952142999956,-12902.56528030007
2015-07-09,1.9852964867300056,-23.985320415060063,39292.57844139862,678155.36,760146.7958493985,-5648,-5333,-5333,123.849998,1093.2644666999772,19852.964867300056
2015-07-08,0.6193472057500065,-25.970616901790066,700480.9790920984,38609.549999999996,740293.8309820985,-315,5258,5258,124.480003,1151.5033144999957,6193.472057500065
2015-07-07,0.02424952002499673,-26.589964107540073,31400.81121659837,700470.381146,734100.3589245984,-5573,-5323,-5323,125.889999,899.5883307500106,242.4952002499673
2015-07-06,0.7307863170999971,-26.61421362756507,702887.8627243484,31500.0,733857.8637243484,-250,5316,5316,124.940002,776.1373290000311,7307.863170999971
2015-07-02,-0.08195075692000113,-27.344999944665066,22896.291685348475,703765.051132,726550.0005533485,-5566,-5386,-5386,126.43,794.4360772000095,-819.5075692000113
2015-07-01,-0.9090865059799945,-27.263049187745068,704473.5070425486,22787.999639999998,727369.5081225486,-180,5438,5438,126.900002,886.3945437999807,-9090.865059799946
2015-06-30,-0.053599070220006276,-26.353962681765076,30221.593182348486,704665.74,736460.3731823486,-5618,-5378,-5378,125.57,1072.9104621999886,-535.9907022000627
2015-06-29,0.6449838602400041,-26.30036361154507,706662.7641245486,29887.19976,736996.3638845487,-240,5302,5302,125.459999,922.5469395999773,6449.838602400042
2015-06-26,0.4075430002599945,-26.945347471785073,17900.767450148447,702448.5,730546.5252821485,-5542,-5404,-5404,127.66999799999999,999.7391894000143,4075.430002599945
2015-06-25,-0.5270747862000078,-27.35289047204507,708500.7350035484,17595.0,726471.0952795486,-138,5442,5442,128.860001,1273.4280000000792,-5270.7478620000775
2015-06-24,-0.5792860733800114,-26.82581568584506,26932.05988154884,714853.80558,731741.8431415487,-5580,-5369,-5369,127.209999,732.8695738000326,-5792.860733800114
2015-06-23,0.0020359757799978413,-26.24652961246505,710541.4723983489,26803.329789,737534.7038753488,-211,5369,5369,127.480003,799.9799262000229,20.35975779997841
2015-06-22,-0.17740672029000043,-26.248565588245054,26789.77201754875,712063.8055799999,737514.3441175488,-5580,-5371,-5371,127.489998,918.440462900021,-1774.0672029000043
2015-06-19,0.03511633065500419,-26.071158867955056,712365.0313204486,26459.399582,739288.4113204486,-209,5397,5397,127.709999,833.8356904499954,351.16330655004185
2015-06-18,-0.4472025095150063,-26.106275198610057,29329.717559898712,716895.263182,738937.2480138987,-5606,-5377,-5377,127.230003,844.1887311500276,-4472.025095150063
2015-06-17,-0.15189159949999775,-25.659072689095055,714065.2133380488,29151.700687,743409.2731090488,-229,5400,5400,127.720001,939.598649999993,-1518.9159949999776
2015-06-16,-0.4184619864649972,-25.507181089595054,33084.84910404879,718260.388742,744928.1891040488,-5629,-5367,-5367,127.029999,947.2752316499934,-4184.619864649972
2015-06-15,0.4913196733349941,-25.088719103130053,716289.4494926987,33253.039476,749112.8089686987,-262,5333,5333,126.099998,858.6132666500218,4913.1967333499415
2015-06-12,0.4767787210649985,-25.58003877646505,21269.62866534886,711516.1388099999,744199.6122353488,-5595,-5431,-5431,128.190002,1004.7341853500144,4767.787210649985
2015-06-11,-0.25421934821999476,-26.056817497530048,718149.5466646987,21088.759344,739431.8250246987,-164,5458,5458,129.179993,952.420454200035,-2542.1934821999475
2015-06-10,-0.6712359084000147,-25.802598149310054,28204.949104898795,724563.38811,741974.0185068987,-5622,-5400,-5400,127.91999799999999,1204.1997300000412,-6712.359084000146
2015-06-09,0.4823291039250048,-25.13136224091004,720718.8184788988,28287.239555999997,748686.3775908988,-222,5379,5379,126.699997,1178.0023447499952,4823.291039250048
2015-06-08,0.5218379316999926,-25.613691344835043,15733.170566648732,715807.816803,743863.0865516487,-5601,-5480,-5480,128.899994,912.4202740000105,5218.379316999926
2015-06-05,-0.16823341403998962,-26.135529276535035,722872.3565086488,15566.649274,738644.7072346489,-121,5466,5466,129.5,1003.0104533999591,-1682.3341403998961
2015-06-04,0.045949859319999294,-25.967295862495043,15134.424614048661,722734.3255870001,740327.0413750487,-5587,-5472,-5472,129.580002,831.7461887999846,459.4985931999929
2015-06-03,-0.47643393768999864,-26.013245721815043,724779.5412868487,14963.799425,739867.5427818488,-115,5474,5474,130.66000400000001,914.1571789000108,-4764.339376899987
2015-06-02,-0.13669406297999964,-25.536811784125046,19403.27010374868,726346.479123,744631.8821587488,-5589,-5441,-5441,129.860001,908.6459117999495,-1366.9406297999963
2015-06-01,-0.09966249216999518,-25.400117721145044,726755.8620485488,19319.918963999997,745998.8227885488,-148,5398,5398,130.279999,958.1458096999551,-996.6249216999518
2015-05-29,0.4551093625449967,-25.30045522897505,13925.206532248701,722532.874454,746995.4477102485,-5546,-5441,-5441,131.229996,775.3400515500124,4551.093625449967
2015-05-28,-0.014030938440015052,-25.755564591520045,728590.6537697986,13836.899895,742444.3540847986,-105,5494,5494,131.860001,1156.4848023999843,-140.30938440015052
2015-05-27,-1.1211520314949963,-25.74153365308003,22329.30906819878,739291.9208069999,742584.6634691987,-5599,-5431,-5431,130.33999599999999,1572.276943949984,-11211.520314949963
2015-05-26,-0.07959813459002131,-24.620381621585032,731018.7409281486,21776.15916,753796.1837841487,-168,5394,5394,132.600006,962.83088790007,-795.9813459002131
2015-05-22,-0.6289249987349904,-24.54078348699501,27861.1394520487,737187.4410659999,754592.1651300489,-5562,-5349,-5349,131.600006,1016.3108023500466,-6289.249987349904
2015-05-21,-0.13272431459999431,-23.91185848826002,733457.6619223988,27986.069786999997,760881.4151173988,-213,5437,5437,130.070007,989.5339999999654,-1327.243145999943
2015-05-20,-0.12046408328000079,-23.779134173660026,28047.646963398765,734838.9887,762208.6582633988,-5650,-5436,-5436,130.0,880.6336307999675,-1204.640832800008
2015-05-19,-0.39398350699999746,-23.658670090380024,735312.9597381987,27834.981498,763413.2990961988,-214,5523,5523,130.690002,1204.0139999999724,-3939.8350699999746
2015-05-18,-1.1148648565099892,-23.26468658338003,41220.99827019844,746900.041474,767353.1341661987,-5737,-5419,-5419,128.380005,888.715458099994,-11148.648565099891
2015-05-15,-0.16379465790500072,-22.149821726870037,737362.1195512986,40948.861272,778501.7827312985,-318,5477,5477,129.070007,1037.8895830499637,-1637.9465790500071
2015-05-14,-1.0381063967300004,-21.986027068965036,50723.01556534843,747265.232615,780139.7293103484,-5795,-5394,-5394,127.410004,895.4037303000295,-10381.063967300004
2015-05-13,-0.271166727630004,-20.94792067223504,739878.5024756485,50530.010802,790520.7932776485,-401,5498,5498,126.150002,1116.0931753000184,-2711.6672763000397
2015-05-12,-0.23651494248500052,-20.676753944605032,53910.831846948575,742507.147697,793232.4605539485,-5899,-5477,-5477,125.599998,1076.2307738500167,-2365.1494248500053
2015-05-11,0.0844993474199972,-20.440239002120034,741387.4908227985,53307.03999999999,795597.6099787984,-422,5438,5438,127.389999,954.3695437999962,844.9934741999722
2015-05-08,-0.7261469003249911,-20.52473834954003,57916.23408459839,747853.2175799999,794752.6165045985,-5860,-5397,-5397,126.68,1095.5923492499664,-7261.469003249911
2015-05-07,-0.027590757850003138,-19.798591449215035,744472.4492118483,57995.380926,802014.0855078483,-463,5430,5430,124.769997,1463.3847285000124,-275.9075785000314
2015-05-06,0.7564361320499942,-19.771000691365032,47337.79844434849,736683.941786,802289.9930863484,-5893,-5525,-5525,126.559998,1290.0869475000216,7564.361320499942
2015-05-05,0.2875852268800072,-20.52743682341503,746701.6372858485,46294.401104000004,794725.6317658485,-368,5407,5407,128.149994,1165.2117441999462,2875.8522688000717
2015-05-04,0.25830098456000417,-20.815022050295035,39367.262172048446,743242.482675,791849.7794970485,-5775,-5464,-5464,129.5,1865.9565463999788,2583.0098456000414
2015-05-01,-0.8122142458149978,-21.073323034855036,750936.0199624484,40103.449067,789266.7696514484,-311,5539,5539,126.099998,1678.3161691499868,-8122.142458149978
2015-04-30,1.891862093204987,-20.26110878904004,24428.435509598483,732127.5117,797388.9121095983,-5850,-5663,-5663,128.639999,1497.8615179500591,18918.62093204987
2015-04-29,0.06388620128000067,-22.152970882245025,753846.1294945484,24055.679813,778470.2911775485,-187,5434,5434,130.16000400000001,1893.7451961999554,638.8620128000066
2015-04-28,2.0932249493450072,-22.216857083525028,109.77922874831188,733877.7487580001,777831.4291647484,-5621,-5701,-5701,134.46000700000002,1134.5021355499973,20932.249493450072
2015-04-27,-1.294439711650008,-24.310082032870035,746287.1801512984,-0.0,756899.1796712984,80,5970,5970,132.309998,1014.9026865000543,-12944.397116500078
2015-04-24,0.0013442064549999031,-23.015642321220028,20.511997798586208,767349.19411,769843.5767877985,-5890,-5951,-5951,130.490005,1273.5137024499588,13.442064549999031
2015-04-23,0.06371321639999171,-23.01698652767503,761920.2648452485,-0.0,769830.1347232485,61,6196,6196,128.300003,1409.5884509999898,637.1321639999171
2015-04-22,-1.1088263121449924,-23.080699744075023,109.3964242487109,789083.6693249999,769193.0025592487,-6135,-6191,-6191,126.989998,1092.7111904499925,-11088.263121449923
2015-04-21,-0.477858694085007,-21.97187343193003,773174.3054566986,-0.0,780281.2656806987,56,6341,6341,128.100006,1569.3965488500169,-4778.586940850069
2015-04-20,-1.395822543000006,-21.49401473784502,8610.940051548818,801965.98743,785059.8526215487,-6285,-6217,-6217,125.57,1143.92800000002,-13958.225430000059
2015-04-17,0.3013159298849907,-20.098192194845016,790426.2776435489,8483.0,799018.0780515488,-68,6199,6199,125.550003,926.7495701500229,3013.159298849907
2015-04-16,-0.0268594173749918,-20.39950812473001,3918.788752698828,790707.3774659999,796004.9187526989,-6267,-6237,-6237,126.279999,972.9704407499877,-268.594173749918
2015-04-15,-0.1749506166149964,-20.37264870735502,792492.3126564488,3803.39997,796273.5129264488,-30,6219,6219,126.410004,1051.0100671499833,-1749.506166149964
2015-04-14,0.3131217582300006,-20.197698090740023,25.73783959885168,789248.718747,798023.0190925989,-6249,-6369,-6369,127.0,1261.0639106999706,3131.217582300006
2015-04-13,-0.9665584317099875,-20.510819848970023,779669.8017502988,-0.0,794891.8015102989,120,6566,6566,128.369995,1296.7840150999427,-9665.584317099874
2015-04-10,-0.867632180139999,-19.54426141726003,96.61161139873116,819286.587108,804557.3858273987,-6446,-6446,-6446,125.949997,1263.4153553999702,-8676.32180139999
2015-04-09,-0.27275268235499833,-18.676629237120032,813233.7076287987,-0.0,813233.7076287987,0,6471,6471,125.849998,1109.776823549983,-2727.526823549983
2015-04-08,0.021733299080003553,-18.403876554765034,-31.85260565135013,812757.587058,815961.2344523487,-6471,-6637,-6637,125.849998,1373.8563451999644,217.33299080003553
2015-04-07,-0.4014389243000067,-18.42560985384504,794826.2411295486,-0.0,815743.9014615486,166,6907,6907,127.639999,1788.9130000000416,-4014.389243000067
2015-04-06,-2.0560101916800004,-18.02417092954503,120.07374054869365,858466.336518,819758.2907045487,-6741,-6751,-6751,124.470001,1137.5421497999857,-20560.101916800006
2015-04-02,-0.6624778927000013,-15.968160737865029,839065.1926213488,-0.0,840318.3926213487,10,6764,6764,125.029999,1359.5656909999898,-6624.778927000014
2015-04-01,0.24754485297499124,-15.305682845165027,59.11154834894478,839184.5,846943.1715483487,-6754,-6865,-6865,124.82,1417.6214702500401,2475.4485297499123
2015-03-31,0.020746828439999445,-15.553227698140018,830655.9930185989,-0.0,844467.7230185989,111,7046,7046,126.089996,1550.1207045999904,207.46828439999445
2015-03-30,-1.7403380072749908,-15.573974526580018,62.68392919889811,876375.9708049999,844260.2547341989,-6935,-6935,-6935,124.050003,1314.180072749954,-17403.380072749907
2015-03-27,-0.3825421712399904,-13.833636519305026,861663.6348069488,-0.0,861663.6348069488,0,7032,7032,124.57,1504.8476483999514,-3825.421712399904
2015-03-26,-1.2231729406950016,-13.451094348065038,12648.054327348711,873655.665936,865489.0565193489,-7032,-6933,-6933,122.760002,1885.7770399500164,-12231.729406950015
2015-03-25,0.01667068800000302,-12.227921407370037,864880.4854312988,12214.619703,877720.7859262988,-99,6708,6708,126.540001,1167.1903229999914,166.7068800000302
2015-03-24,0.25513572256999156,-12.24459209537004,7823.661818299002,862378.843614,877554.0790462989,-6807,-6746,-6746,127.230003,1123.209337300013,2551.3572256999155
2015-03-23,-1.003154317449993,-12.49972781794003,867253.8913935991,7759.809939,875002.721820599,-61,6715,6715,127.120003,1759.3266424999542,-10031.543174499931
2015-03-20,1.467161213499995,-11.496573500490038,88.67854709905191,853098.413552,885034.264995099,-6776,-6870,-6870,128.25,1322.4743130000486,14671.612134999948
2015-03-19,-0.3757284889850092,-12.963734713990032,858377.6528600991,-0.0,870362.6528600991,94,7057,7057,128.75,1690.1518528500665,-3757.284889850092
2015-03-18,-1.152673682069992,-12.58800622500502,54.55471294920176,894536.6169629999,874119.9377499493,-6963,-7023,-7023,127.0,1288.7197976999475,-11526.736820699922
2015-03-17,-0.8278061985400053,-11.435332542935031,878024.2745106491,-0.0,885646.6745706492,60,7282,7282,125.900002,1485.5258154000205,-8278.061985400052
2015-03-16,-0.947078605599999,-10.607526344395025,6990.9382220492835,902388.878334,893924.7365560492,-7222,-7166,-7166,123.879997,1727.0060000000383,-9470.78605599999
2015-03-13,-0.15080797112500213,-9.660447738795025,896383.7621640493,6921.039776,903395.5226120492,-56,7289,7289,124.400002,1920.6533222499888,-1508.0797112500213
2015-03-12,-1.7400662221600076,-9.509639767670022,22254.959668299354,914085.227965,904903.6023232993,-7345,-7167,-7167,122.309998,1669.9095666000535,-17400.662221600076
2015-03-11,-0.31494186845999866,-7.769573545510016,899651.9841888994,21758.719644,922304.2645448993,-178,6954,6954,124.75,1884.5333045999876,-3149.418684599987
2015-03-10,1.1313784690600017,-7.454631677050017,10346.720437499516,888005.334264,925453.6832294995,-7132,-7052,-7052,126.410004,2295.429173399989,11313.784690600016
2015-03-09,-1.1308086112450049,-8.586010146110018,903837.4986188995,10171.199920000001,914139.8985388995,-80,6973,6973,127.959999,1781.5990594500704,-11308.08611245005
2015-03-06,1.0839922037799987,-7.455201534865013,7147.455181349644,892909.785894,925447.9846513496,-7053,-6998,-6998,128.399994,1746.0003001999653,10839.922037799986
2015-03-05,-0.1293476309650155,-8.539193738645013,907416.8126135495,6952.55022,914608.0626135495,-55,6983,6983,128.580002,1131.2428576499715,-1293.4763096501551
2015-03-04,0.274513906380025,-8.409846107679996,3354.3252011995264,904664.4707339999,915901.5389231998,-7038,-7013,-7013,129.100006,1202.7323051999356,2745.1390638002495
2015-03-03,-0.04916200058002467,-8.684360014060022,909942.3995343994,3234.0000250000003,913156.3998593994,-25,7026,7026,128.96000700000002,1398.1725948000098,-491.62000580024676
2015-03-02,-0.04035154371998674,-8.635198013479998,1178.081661199713,910213.5617959999,913648.0198651998,-7051,-7042,-7042,129.25,1524.5937041999728,-403.5154371998674
2015-02-27,0.07770068540998641,-8.594846469760013,912867.6753653997,1156.1400630000003,914051.5353023997,-9,7097,7097,130.0,2221.358870900083,777.0068540998641
2015-02-26,-1.3499312249800126,-8.672547155169998,9675.653720300186,926764.505788,913274.5284482999,-7106,-7033,-7033,128.78999299999998,1916.4967198000454,-13499.312249800125
2015-02-25,0.29025236305998847,-7.322615930189984,916967.7504790999,9401.669488999998,926773.8406980999,-73,6836,6836,131.559998,1514.176734400015,2902.5236305998847
2015-02-24,0.3451385178400105,-7.6128682932499725,68.88561350010718,913162.5161819999,923871.3170675001,-6909,-6982,-6982,132.940002,1864.1926035998956,3451.3851784001045
2015-02-23,-0.48080881512001034,-7.958006811089982,910710.9318890999,-0.0,920419.9318890999,73,7312,7312,130.020004,1261.3189032001026,-4808.088151200103
2015-02-20,-0.7347760101750018,-7.477197995969972,518.2324303001931,937450.5,925228.0200403,-7239,-7235,-7235,128.619995,976.723914749937,-7347.760101750018
2015-02-19,0.0538327330099878,-6.742421985794971,932061.7401620499,513.799988,932575.7801420499,-4,7309,7309,128.479996,1216.9492309000962,538.327330099878
2015-02-18,-0.9398479533349998,-6.796254718804959,6650.484002950012,941329.367313,932037.4528119501,-7313,-7261,-7261,127.629997,1437.680541350048,-9398.479533349999
2015-02-17,-0.43586941925499467,-5.856406765469959,934824.1326573001,6647.1601040000005,941435.9323453001,-52,7303,7303,127.489998,1325.4934045500013,-4358.694192549947
2015-02-13,-0.0006893658650076305,-5.420537346214964,8179.2559578501905,934673.41471,945794.6265378501,-7355,-7291,-7291,127.279999,1425.391593650048,-6.893658650076304
2015-02-12,-1.0731914957199933,-5.419847980349956,937759.2803885002,8093.439936,945801.5201965002,-64,7588,7588,126.059998,1676.9472412000082,-10731.914957199933
2015-02-11,-1.7824231262399979,-4.346656484629963,33243.13810970027,955581.7370440001,956533.4351537002,-7652,-7376,-7376,122.769997,1471.5112623999844,-17824.23126239998
2015-02-10,-0.5399593823199921,-2.5642333583899655,941701.3466921002,33677.519172,974357.6664161002,-276,7679,7679,120.16999799999999,1309.267964199948,-5399.593823199921
2015-02-09,-1.06010463719499,-2.0242739760699733,45999.32046430024,952372.607955,979757.2602393002,-7955,-7573,-7573,118.550003,1438.8711359499584,-10601.046371949898
2015-02-06,-0.13300398949499584,-0.9641693388749832,944094.2889032501,45431.26,990358.3066112502,-382,7493,7493,120.019997,1116.4581239499828,-1330.0398949499581
2015-02-05,-0.11202904868000434,-0.8311653493799874,45900.90950620004,944527.51575,991688.3465062001,-7875,-7489,-7489,120.019997,1572.6914978000134,-1120.2904868000435
2015-02-04,-0.05341453087499825,-0.7191363006999831,947476.7962210001,46150.159228,992808.6369930002,-386,7621,7621,118.5,1326.0520947499901,-534.1453087499825
2015-02-03,-0.3090430147799976,-0.665721769824985,45714.348315750154,950030.566014,993342.7823017502,-8007,-7621,-7621,118.5,1939.5429757999727,-3090.4301477999766
2015-02-02,-0.9360702901299971,-0.3566787550449873,951089.7889755501,45791.178842,996433.2124495502,-386,7663,7663,118.050003,1973.2232662999459,-9360.70290129997
2015-01-30,0.8001759365599984,0.5793915350850096,42811.555350850154,943020.872196,1005793.9153508501,-8049,-7682,-7682,118.400002,2162.484536400016,8001.759365599984
2015-01-29,-1.1041436964000022,-0.2207844014749888,956049.5767192502,43636.300734,997792.1559852501,-367,7776,7776,116.32,1870.129944000018,-11041.436964000022
2015-01-28,1.4339013353200065,0.8833592949250134,32080.77552125007,938969.3137139999,1008833.5929492501,-8143,-7859,-7859,117.629997,2141.579071800014,14339.013353200065
2015-01-27,0.5233008534400098,-0.550542040394993,961635.78044805,30995.759716,994494.57959605,-284,8184,8184,112.41999799999999,1456.7511815999565,5233.008534400098
2015-01-26,0.3532305500749994,-1.073842893835003,20691.747997649898,957730.783064,989261.57106165,-8468,-8285,-8285,113.739998,1748.1354142500104,3532.3055007499943
2015-01-23,-0.12872737730000508,-1.4270734439100023,965302.8050118998,20675.340549,985729.2655608999,-183,8590,8590,112.300003,2040.1250000000243,-1287.2737730000508
2015-01-22,-2.1040969569049968,-1.298346066609997,38479.761787899806,986085.217546,987016.5393338999,-8773,-8421,-8421,110.260002,2016.82992104996,-21040.969569049965
2015-01-21,-0.4219436497000037,0.8057508902949994,969918.3120709498,38561.601056,1008057.5089029499,-352,8660,8660,108.949997,1935.5104330000354,-4219.436497000037
2015-01-20,-1.0638184300499967,1.227694539995003,48353.50650794989,979784.649012,1012276.9453999499,-9012,-8562,-8562,107.839996,1875.0801404999927,-10638.184300499966
2015-01-16,-0.36714481449001357,2.291512970045,974283.62970045,47695.4991,1022915.12970045,-450,8427,8427,107.029999,2275.2874719000447,-3671.448144900136
2015-01-15,2.6457799967700075,2.6586577845350132,21887.717845349922,948241.1399999999,1026586.57784535,-8877,-8677,-8677,110.0,1731.0606322999815,26457.799967700077
2015-01-14,0.7702842030199989,0.012877787765005451,978472.7780776499,21960.0006,1000128.7778776499,-200,8604,8604,109.040001,2533.8775697999463,7702.842030199989
2015-01-13,0.8075136835400142,-0.7574064152549934,743.3846514495708,970376.888804,992425.9358474498,-8804,-8798,-8798,111.43,2564.6143605999496,8075.136835400142
2015-01-12,-0.7345853449199977,-1.5649200987950076,983655.0990360497,655.5,984350.7990120497,-6,8744,8744,112.599998,2203.4884371999833,-7345.853449199977
2015-01-09,0.3401752784999944,-0.8303347538750099,59.20496124989495,980087.5175,991696.6524612497,-8750,-8772,-8772,112.66999799999999,2390.3721929999892,3401.752784999944
2015-01-08,-1.5265692858999993,-1.1705100323750044,985833.3196982498,-0.0,988294.8996762498,22,9279,9279,109.230003,1623.8250000000264,-15265.692858999993
2015-01-07,-0.7419458376750088,0.35605925352499507,16301.598077249942,997441.75,1003560.5925352499,-9257,-9105,-9105,107.199997,2185.201365750054,-7419.458376750088
2015-01-06,-0.5000440454400015,1.098005091200004,994743.4109120001,16151.520304,1010980.050912,-152,9056,9056,106.540001,2372.6710943999806,-5000.4404544000145
2015-01-05,1.5980491366400054,1.5980491366400054,61.83295040003486,978350.0,1015980.4913664,-9208,-9208,-9208,108.290001,2803.837841599984,15980.491366400052
2015-01-02,0.0,0.0,1000000.0,0.0,1000000.0,0,0,0,111.389999,0.0,0.0
